timestamp,datetime,open,high,low,price,price_change,price_change_pct,volume,volume_change,market_cap,market_cap_change,price_volatility,volume_volatility
1729036800000,2024-10-16 00:00:00,66962.21994496793,,,66962.21994496793,912.2250178877148,1.3811129264957867,51797932876.82809,5244136742.682068,1323774576161.621,17688962163.81958,,
1729123200000,2024-10-17 00:00:00,67647.54414766871,,,67647.54414766871,685.32420270078,1.0234490482304848,40640495380.19594,-11157437496.632149,1337304399194.887,13529823033.26587,,
1729209600000,2024-10-18 00:00:00,67328.10527002988,,,67328.10527002988,-319.43887763883686,-0.47221060522393277,34512072357.92087,-6128423022.27507,1330387728623.8188,-6916670571.068115,,
1729296000000,2024-10-19 00:00:00,68465.61920668735,,,68465.61920668735,1137.513936657473,1.6895083146856615,39984956633.228035,5472884275.307167,1353541799303.4875,23154070679.6687,,
1729382400000,2024-10-20 00:00:00,68388.87128965274,,,68388.87128965274,-76.74791703460505,-0.11209701734079536,14110889435.452631,-25874067197.775406,1351942347611.1997,-1599451692.2878418,,
1729468800000,2024-10-21 00:00:00,68962.82918045693,,,68962.82918045693,573.9578908041876,0.8392562707655538,17253863432.786995,3142973997.334364,1362381684459.9053,10439336848.705566,,14281929529.740513
1729555200000,2024-10-22 00:00:00,67394.85775735618,,,67394.85775735618,-1567.9714231007529,-2.2736471831771854,40485496091.95008,23231632659.163086,1332326858574.4448,-30054825885.46045,1.3725536244103105,13631628635.349823
1729641600000,2024-10-23 00:00:00,67351.04793512498,,,67351.04793512498,-43.80982223119645,-0.06500469574240997,31398389967.38113,-9087106124.56895,1331426858508.4004,-900000066.0444336,1.2883398416493415,11180790321.768747
1729728000000,2024-10-24 00:00:00,66683.96806542306,,,66683.96806542306,-667.07986970192,-0.9904521015685952,32676918488.059,1278528520.677868,1318285437546.2786,-13141420962.121826,1.2698515687180834,10440525943.931515
1729814400000,2024-10-25 00:00:00,68214.05205157402,,,68214.05205157402,1530.0839861509594,2.294530500419234,35892606570.03549,3215688081.976494,1347888109010.5889,29602671464.310303,1.566207438543169,10551086476.77461
1729900800000,2024-10-26 00:00:00,66585.66535501445,,,66585.66535501445,-1628.3866965595662,-2.3871719207186337,48426924850.053406,12534318280.017914,1313975091942.221,-33913017068.36792,1.6732111321916463,12201602829.180548
1729987200000,2024-10-27 00:00:00,67018.1650170265,,,67018.1650170265,432.499662012051,0.6495386953124127,21169467789.89267,-27257457060.160736,1325192118637.2595,11217026695.038574,1.7180729185962271,10731649771.47383
1730073600000,2024-10-28 00:00:00,67938.55412885673,,,67938.55412885673,920.3891118302272,1.3733427520678854,16533385730.434193,-4636082059.458477,1343350549900.1233,18158431262.86377,1.786363977077102,10904000498.33614
1730160000000,2024-10-29 00:00:00,69845.304531169,,,69845.304531169,1906.7504023122601,2.806580779885004,41990540384.96554,25457154654.531345,1380874923096.4146,37524373196.29126,1.834733608358307,11103724722.262789
1730246400000,2024-10-30 00:00:00,72781.11308158132,,,72781.11308158132,2935.80855041233,4.203301238528079,65487782004.97014,23497241620.0046,1439310420089.3665,58435496992.951904,2.264541317828972,16608204598.15157
1730332800000,2024-10-31 00:00:00,72342.62171127986,,,72342.62171127986,-438.49137030146085,-0.602479615569973,43498144313.67304,-21989637691.297096,1431085552900.1965,-8224867189.169922,2.2078704733957886,16593064169.03081
1730419200000,2024-11-01 00:00:00,70264.99735573279,,,70264.99735573279,-2077.624355547072,-2.871922949984995,45907074188.570145,2408929874.8971024,1390195908292.9321,-40889644607.264404,2.605298654778555,16711805490.664429
1730505600000,2024-11-02 00:00:00,69507.92256395647,,,69507.92256395647,-757.074791776322,-1.0774565150034165,54863092261.31101,8956018072.740868,1374687306836.925,-15508601456.00708,2.4067989023044296,17388435562.030815
1730592000000,2024-11-03 00:00:00,69299.16036699413,,,69299.16036699413,-208.7621969623433,-0.3003430245958727,14709379754.965973,-40153712506.34504,1370516856365.7996,-4170450471.1254883,2.4328169108600264,18755675351.870865
1730678400000,2024-11-04 00:00:00,68803.50626277467,,,68803.50626277467,-495.65410421945853,-0.715238253385142,37659435506.757034,22950055751.79106,1362302032218.0198,-8214824147.779785,2.4365621387239242,15724957780.281794
1730764800000,2024-11-05 00:00:00,67793.29782704762,,,67793.29782704762,-1010.2084357270505,-1.4682513880453385,46183110993.79166,8523675487.034622,1340192510479.9568,-22109521738.06299,2.200418464257974,15740160696.078787
1730851200000,2024-11-06 00:00:00,69335.42553133758,,,69335.42553133758,1542.12770428996,2.274749501380202,40025021601.49395,-6158089392.297707,1370963795352.6948,30771284872.738037,1.552727342629525,12584453062.725193
1730937600000,2024-11-07 00:00:00,75620.88606963192,,,75620.88606963192,6285.460538294341,9.065294530360246,128492534668.23851,88467513066.74457,1496392703840.9058,125428908488.21094,4.001684368066244,35748662507.92372
1731024000000,2024-11-08 00:00:00,75987.24178320667,,,75987.24178320667,366.3557135747542,0.4844636615834119,66590396087.4524,-61902138580.78611,1502620808927.6982,6228105086.79248,3.6912690784811666,35962370141.947
1731110400000,2024-11-09 00:00:00,76550.0213845611,,,76550.0213845611,562.7796013544285,0.7406238049277425,50687468387.720375,-15902927699.732025,1514048743889.1255,11427934961.427246,3.5678161347489934,36009359380.44974
1731196800000,2024-11-10 00:00:00,76630.22631415377,,,76630.22631415377,80.20492959266994,0.10477453584205598,31430906055.796104,-19256562331.92427,1519470275068.1016,5421531178.976074,3.5380387443658874,33355124001.208027
1731283200000,2024-11-11 00:00:00,80466.71654833542,,,80466.71654833542,3836.4902341816487,5.006497329726711,93473126207.67865,62042220151.882545,1590846468754.067,71376193685.96533,3.601848233044873,34529218132.75346
1731369600000,2024-11-12 00:00:00,88637.42000322911,,,88637.42000322911,8170.703454893694,10.154140501042619,133959805308.72511,40486679101.04646,1756619702929.0437,165773234174.9768,4.196653196110965,41647508215.565605
1731456000000,2024-11-13 00:00:00,88264.59974582895,,,88264.59974582895,-372.8202574001625,-0.42061271344154827,152356811694.44943,18397006385.72432,1741113172482.1243,-15506530446.919434,4.491999611988066,46069375090.55253
1731542400000,2024-11-14 00:00:00,90488.10007497849,,,90488.10007497849,2223.5003291495377,2.5191303597959402,136046309843.60645,-16310501850.842987,1790737763695.3328,49624591213.208496,3.788672016535024,47093006083.89586
1731628800000,2024-11-15 00:00:00,87407.51273710128,,,87407.51273710128,-3080.5873378772085,-3.4044115583426238,99649391847.08359,-36396917996.52286,1726797438787.217,-63940324908.11572,4.396465238142788,45404092595.32201
1731715200000,2024-11-16 00:00:00,90947.97509443703,,,90947.97509443703,3540.462357335753,4.050524087082219,84382485697.84985,-15266906149.233734,1799276211921.9302,72478773134.71313,4.403878645452273,40910971745.13608
1731801600000,2024-11-17 00:00:00,90606.45489380708,,,90606.45489380708,-341.52020062995143,-0.3755116046017859,49255174407.368774,-35127311290.48108,1790415769635.4927,-8860442286.4375,4.45221633117345,35848714553.11855
1731888000000,2024-11-18 00:00:00,89841.47194135105,,,89841.47194135105,-764.9829524560337,-0.8442918921754639,48556083101.64749,-699091305.721283,1776887033229.9082,-13528736405.584473,4.4533626915359,42144309363.8816
1731974400000,2024-11-19 00:00:00,90534.62459650292,,,90534.62459650292,693.1526551518764,0.7715286049680525,77391724184.19348,28835641082.54599,1790917617392.4407,14030584162.53247,2.4226524489962453,40053228959.86515
1732060800000,2024-11-20 00:00:00,92251.65240738312,,,92251.65240738312,1717.0278108802013,1.8965426968220012,80493234958.49161,3101510774.298126,1825195454018.501,34277836626.060303,2.4613041742958615,30143978997.372913
1732147200000,2024-11-21 00:00:00,94217.02229634205,,,94217.02229634205,1965.3698889589286,2.1304441033531463,80747272080.24826,254037121.75665283,1862618759426.145,37423305407.64404,2.4163211192856617,18813571508.838394
1732233600000,2024-11-22 00:00:00,98509.11859102432,,,98509.11859102432,4292.096294682269,4.555542289568737,118163852022.3175,37416579942.069244,1948284556982.0486,85665797555.90356,2.062952563259637,23643863670.620636
1732320000000,2024-11-23 00:00:00,98927.49494553401,,,98927.49494553401,418.3763545096881,0.42470825086420305,85746174563.98602,-32417677458.331482,1958091000957.8345,9806443975.785889,1.8281586062939676,23720337652.33017
1732406400000,2024-11-24 00:00:00,97679.46381643033,,,97679.46381643033,-1248.0311291036778,-1.2615614393054253,47414200206.70341,-38331974357.282616,1931255637661.502,-26835363296.33252,1.981502746752427,24089065575.96029
1732492800000,2024-11-25 00:00:00,98015.9355289458,,,98015.9355289458,336.47171251547115,0.34446515098383035,50665680246.86775,3251480040.164345,1939446484727.4285,8190847065.926514,1.8328485677897224,23684722610.416435
1732579200000,2024-11-26 00:00:00,93004.70093103287,,,93004.70093103287,-5011.234597912931,-5.112673333034734,89476321216.0935,38810640969.22575,1838788677873.8657,-100657806853.56274,3.0455475045049845,24134478556.630253
1732665600000,2024-11-27 00:00:00,91931.83077291827,,,91931.83077291827,-1072.8701581146015,-1.1535655159089053,97389239315.52954,7912918099.436035,1819990514406.0881,-18798163467.777588,3.0180489403260147,25137642027.919346
1732752000000,2024-11-28 00:00:00,95981.18057210564,,,95981.18057210564,4049.3497991873737,4.404730945900237,81469353259.75,-15919886055.779541,1899088665519.225,79098151113.13696,3.386809439200667,25136133510.537746
1732838400000,2024-11-29 00:00:00,95661.59595817851,,,95661.59595817851,-319.5846139271307,-0.3329659127156104,49067932024.40325,-32401421235.34675,1892297852304.72,-6790813214.505127,2.8237656751824924,21652785565.05388
1732924800000,2024-11-30 00:00:00,97453.2473451042,,,97453.2473451042,1791.6513869256887,1.872905599138197,74670031635.5065,25602099611.10325,1926826079390.2441,34528227085.52417,2.943395082000239,20836407187.322357
1733011200000,2024-12-01 00:00:00,96513.14234698225,,,96513.14234698225,-940.1049981219548,-0.9646728290057194,43580019720.720634,-31090011914.785866,1910022814269.8855,-16803265120.358643,2.927256460938438,21567334101.50353
1733097600000,2024-12-02 00:00:00,97311.70719084324,,,97311.70719084324,798.5648438609933,0.8274156497671603,49147687432.565895,5567667711.845261,1925808416477.5068,15785602207.621338,2.946058789027059,21794405079.19227
1733184000000,2024-12-03 00:00:00,95833.1362300365,,,95833.1362300365,-1478.570960806741,-1.519417348117258,101019861361.49252,51872173928.92663,1896576914275.523,-29231502201.983887,2.1162595552129186,23913014424.69398
1733270400000,2024-12-04 00:00:00,96031.63097759831,,,96031.63097759831,198.49474756181007,0.20712537997853442,87935752287.975,-13084109073.517517,1900922167493.3643,4345253217.841309,2.0041809859654154,22386316035.435036
1733356800000,2024-12-05 00:00:00,98881.4694561823,,,98881.4694561823,2849.838478583988,2.967603954626963,98230784298.0459,10295032010.070892,1957276192604.2603,56354025110.895996,1.584095478352421,24654511368.461414
1733443200000,2024-12-06 00:00:00,97201.50036407741,,,97201.50036407741,-1679.9690921048896,-1.6989726197883193,190460293531.53802,92229509233.49213,1920742551503.6094,-36533641100.65088,1.7681780752957963,48840071042.051476
1733529600000,2024-12-07 00:00:00,99973.85150659826,,,99973.85150659826,2772.3511425208562,2.852169083951117,115812632020.44765,-74647661511.09038,1978389972043.7947,57647420540.1853,1.9483078535115814,48861599347.97476
1733616000000,2024-12-08 00:00:00,99781.82999198174,,,99781.82999198174,-192.0215146165283,-0.19207173848239112,61061136199.7846,-54751495820.66305,1974739091620.7542,-3650880423.0405273,1.8800170726835628,45976608133.53965
1733702400000,2024-12-09 00:00:00,101235.3717025316,,,101235.3717025316,1453.5417105498636,1.4567198363335976,62677764785.05408,1616628585.2694778,2003238967638.8286,28499876018.074463,1.9134792738512667,43683998929.374275
1733788800000,2024-12-10 00:00:00,97353.94700820887,,,97353.94700820887,-3881.4246943227336,-3.834059804440537,146846843211.51685,84169078426.46277,1926047690157.6282,-77191277481.20044,2.4592723184353242,46758488541.074974
1733875200000,2024-12-11 00:00:00,96649.71446771531,,,96649.71446771531,-704.2325404935546,-0.7233733835508183,125835977742.51114,-21010865469.005707,1913115778728.2837,-12931911429.344482,2.4870435376942255,46102075691.88689
1733961600000,2024-12-12 00:00:00,101123.61811033697,,,101123.61811033697,4473.903642621663,4.628987956416686,118484957960.76833,-7351019781.742813,2001746436338.842,88630657610.55835,2.8561574573702724,45549096724.320724
1734048000000,2024-12-13 00:00:00,100000.80836535197,,,100000.80836535197,-1122.809744985003,-1.110333832952748,100092043319.81221,-18392914640.956116,1979166149963.3093,-22580286375.532715,2.793563225881594,32216533927.87195
1734134400000,2024-12-14 00:00:00,101352.22971292294,,,101352.22971292294,1351.4213475709694,1.3514104232373425,78802903278.85962,-21289140040.95259,2005406021235.8357,26239871272.526367,2.630382964066433,33057624750.207375
1734220800000,2024-12-15 00:00:00,101367.01064553364,,,101367.01064553364,14.780932610694435,0.014583727119332757,57321924844.41535,-21480978434.444267,2007646386698.8667,2240365463.031006,2.6260736814887338,33796949851.48709
1734307200000,2024-12-16 00:00:00,104721.50151808978,,,104721.50151808978,3354.49087255614,3.309253031330206,70645074624.52869,13323149780.113335,2075487816560.1924,67841429861.32568,2.851087633866887,32495432219.207203
1734393600000,2024-12-17 00:00:00,106074.10723541168,,,106074.10723541168,1352.6057173219015,1.2916217755799098,115184737759.33566,44539663134.80698,2097460193710.789,21972377150.59668,2.1079891562064725,26490978965.839375
1734480000000,2024-12-18 00:00:00,106034.913402645,,,106034.913402645,-39.19383276667213,-0.036949481629566794,93417826250.1972,-21766911509.13846,2100629850064.9119,3169656354.1228027,2.014698167255725,22821083452.116447
1734566400000,2024-12-19 00:00:00,100355.5761481501,,,100355.5761481501,-5679.337254494909,-5.3561011861525625,113692025885.44745,20274199635.250244,1985284833093.572,-115345016971.33984,2.7180529299256797,21896944441.60417
1734652800000,2024-12-20 00:00:00,97851.35377075805,,,97851.35377075805,-2504.2223773920414,-2.4953495097224887,100611554887.24123,-13080470998.206223,1937022229972.2085,-48262603121.363525,2.8529064337902734,21938168622.059654
1734739200000,2024-12-21 00:00:00,97691.43431692653,,,97691.43431692653,-159.9194538315205,-0.1634310080228185,112340864006.62827,11729309119.38704,1932373308116.0107,-4648921856.197754,2.7651210995836295,22744442226.561928
1734825600000,2024-12-22 00:00:00,97202.82496847633,,,97202.82496847633,-488.6093484502053,-0.5001557729872985,53058382639.48845,-59282481367.13982,1922768195068.165,-9605113047.845703,2.756267959689786,23939323961.849895
1734912000000,2024-12-23 00:00:00,95094.27394862173,,,95094.27394862173,-2108.5510198545962,-2.169228127411338,44619017105.36954,-8439365534.118912,1884599149192.4587,-38169045875.7063,2.1933306446038365,29557511477.131428
1734998400000,2024-12-24 00:00:00,94644.91085464321,,,94644.91085464321,-449.36309397852165,-0.4725448497785556,64937790292.61125,20318773187.241714,1874912975786.6604,-9686173405.79834,1.924475330868422,28626987437.078484
1735084800000,2024-12-25 00:00:00,98695.71400782601,,,98695.71400782601,4050.803153182802,4.280001023408508,49169088282.15742,-15768702010.453835,1951173788529.116,76260812742.45557,2.9349311689376205,30807266402.496445
1735171200000,2024-12-26 00:00:00,99344.95417367229,,,99344.95417367229,649.2401658462768,0.657820020223765,33963749856.44743,-15205338425.709988,1966481159354.1177,15307370825.001709,2.238945134729782,29662662296.85921
1735257600000,2024-12-27 00:00:00,95678.31244565405,,,95678.31244565405,-3666.641728018236,-3.6908182791129063,45049342388.18843,11085592531.741001,1894744251986.1084,-71736907368.00928,2.482395629688153,25906268927.509304
1735344000000,2024-12-28 00:00:00,94331.94727053077,,,94331.94727053077,-1346.3651751232828,-1.407179057310426,41498540807.666954,-3550801580.5214767,1867708753554.924,-27035498431.184326,2.5157746930010445,9757949057.012505
1735430400000,2024-12-29 00:00:00,95184.61945288602,,,95184.61945288602,852.6721823552507,0.9039060541280897,22429850903.940086,-19068689903.726868,1885556552231.4314,17847798676.507324,2.5685492431910095,13121997536.100138
1735516800000,2024-12-30 00:00:00,93663.44751964067,,,93663.44751964067,-1521.1719332453504,-1.5981278719071734,24065314499.502274,1635463595.5621872,1854872605738.8086,-30683946492.622803,2.5065330050642185,14902966832.153206
1735603200000,2024-12-31 00:00:00,92627.28213113277,,,92627.28213113277,-1036.1653885078995,-1.106264413650393,57595164139.4709,33529849639.968628,1833188187477.531,-21684418261.277588,2.5297937048452623,13005904374.44576
1735689600000,2025-01-01 00:00:00,93507.85874741491,,,93507.85874741491,880.5766162821383,0.9506665811866322,45327464907.74362,-12267699231.72728,1851839954625.13,18651767147.598877,1.7095780382158738,12584949755.616426
1735776000000,2025-01-02 00:00:00,94384.1761153871,,,94384.1761153871,876.3173679721949,0.9371590577636146,23275007789.496334,-22052457118.247288,1869193319140.2422,17353364515.112305,1.7508348441038721,13823281745.053013
1735862400000,2025-01-03 00:00:00,96852.14681235075,,,96852.14681235075,2467.9706969636463,2.6148140488575944,45157338602.617516,21882330813.12118,1917905016063.62,48711696923.37793,1.578752341375197,13833774350.24331
1735948800000,2025-01-04 00:00:00,98084.34279280754,,,98084.34279280754,1232.1959804567887,1.2722443652634308,35721645948.10051,-9435692654.517006,1942834829349.9563,24929813286.33618,1.4477697672426137,13695773117.94098
1736035200000,2025-01-05 00:00:00,98256.73876849933,,,98256.73876849933,172.39597569179023,0.17576299211787827,20979035420.980793,-14742610527.119717,1946611205641.351,3776376291.3947754,1.4457504226982805,13947977620.039726
1736121600000,2025-01-06 00:00:00,98364.58946599838,,,98364.58946599838,107.85069749904505,0.10976417378674164,20060293834.7155,-918741586.2652931,1948339898718.8586,1728693077.5075684,1.1545872041828091,14587443021.53384
1736208000000,2025-01-07 00:00:00,102229.39453189743,,,102229.39453189743,3864.805065899054,3.9290613490894577,46111387334.46171,26051093499.74621,2024825178619.8228,76485279900.96411,1.3821905579051907,12117938080.791199
1736294400000,2025-01-08 00:00:00,96952.09886774956,,,96952.09886774956,-5277.295664147867,-5.162209644605942,60610257147.15405,14498869812.692345,1919133187081.3127,-105691991538.51001,2.8669420587363725,15456752813.619684
1736380800000,2025-01-09 00:00:00,95016.71440989176,,,95016.71440989176,-1935.3844578577991,-1.9962274983833184,65790469838.34392,5180212691.189865,1885313354913.7239,-33819832167.588867,3.0122683220256112,17803666945.41709
1736467200000,2025-01-10 00:00:00,92376.27578346101,,,92376.27578346101,-2640.438626430754,-2.778920154026998,65850881574.76184,60411736.41792297,1832933628117.9436,-52379726795.78027,2.961565017198219,19987494214.438686
1736553600000,2025-01-11 00:00:00,94736.6267420969,,,94736.6267420969,2360.350958635885,2.555148428118903,63433655716.757095,-2417225858.0047455,1876836759923.398,43903131805.454346,3.133995707509889,20575154371.364124
1736640000000,2025-01-12 00:00:00,94559.55167224213,,,94559.55167224213,-177.07506985476357,-0.18691299864076472,17836423168.41627,-45597232548.34082,1874286243377.8525,-2550516545.54541,3.1248624932793323,21309066144.08312
1736726400000,2025-01-13 00:00:00,94454.77089638807,,,94454.77089638807,-104.78077585405845,-0.11080929848023002,19608932595.53299,1772509427.1167183,1870314882306.9236,-3971361070.928955,3.1187441644759915,21410007479.49266
1736812800000,2025-01-14 00:00:00,94456.3493746993,,,94456.3493746993,1.5784783112321747,0.0016711472552000117,76328330233.31137,56719397637.77838,1870609367804.8223,294485497.89868164,2.4667621070063013,23772640818.224243
1736899200000,2025-01-15 00:00:00,96574.07768799194,,,96574.07768799194,2117.7283132926386,2.2420179557139264,51241728228.81719,-25086602004.49418,1912603332624.1123,41993964819.29004,1.970585350123863,23520709937.420597
1736985600000,2025-01-16 00:00:00,100313.15239828422,,,100313.15239828422,3739.074710292276,3.8717167171633093,57637319739.543396,6395591510.726204,1986831430651.8647,74228098027.75244,2.230282842891093,22885008099.068905
1737072000000,2025-01-17 00:00:00,100044.57926776377,,,100044.57926776377,-268.57313052045356,-0.2677347128461349,50150102497.2729,-7487217242.270493,1980935754458.284,-5895676193.580811,1.6970494424156057,21850201306.69376
1737158400000,2025-01-18 00:00:00,104160.69358484233,,,104160.69358484233,4116.114317078565,4.114280201091169,69135117732.00064,18985015234.727737,2063854663834.0774,82918909375.79346,1.9883226447469546,22612880557.156277
1737244800000,2025-01-19 00:00:00,104334.61575724394,,,104334.61575724394,173.9221724016097,0.1669748601087706,49416447749.13053,-19718669982.87011,2067151195362.0425,3296531527.965088,1.9458698456976862,18093141745.361263
1737331200000,2025-01-20 00:00:00,101275.33714814208,,,101275.33714814208,-3059.2786091018643,-2.9321798780760466,72970313683.92325,23553865934.792717,2014842808849.5005,-52308386512.54199,2.5246240011351873,11567588511.729616
1737417600000,2025-01-21 00:00:00,101764.90860170545,,,101764.90860170545,489.57145356337423,0.48340639226631676,120158523166.88387,47188209482.96062,2017837068202.1384,2994259352.6379395,2.498410626629466,25148551034.714592
1737504000000,2025-01-22 00:00:00,106182.2368201815,,,106182.2368201815,4417.3282184760465,4.340718504219265,95344290057.8965,-24814233108.987366,2098829000928.49,80991932726.35156,2.7698997541176236,25981947155.679226
1737590400000,2025-01-23 00:00:00,103673.53509537787,,,103673.53509537787,-2508.701724803628,-2.3626378572642937,55030669602.56557,-40313620455.33093,2054288661793.9773,-44540339134.512695,2.842798793177604,26265068047.350574
1737676800000,2025-01-24 00:00:00,104067.60991206947,,,104067.60991206947,394.0748166916019,0.3801112948729424,102455227371.20761,47424557768.642044,2062360759045.0,8072097251.022705,2.823889205852226,26063282773.978897
1737763200000,2025-01-25 00:00:00,104835.19253555956,,,104835.19253555956,767.5826234900887,0.7375807171305704,51418786362.7815,-51036441008.42611,2076156720642.786,13795961597.785889,2.3761662167311517,28144276384.461567
1737849600000,2025-01-26 00:00:00,104796.04077738234,,,104796.04077738234,-39.15175817722047,-0.037346006842065016,22740744964.719296,-28678041398.062206,2077647817531.3406,1491096888.5546875,2.3766945981777523,33895832947.42287
1737936000000,2025-01-27 00:00:00,102552.24874280207,,,102552.24874280207,-2243.7920345802704,-2.141103822182311,20639818380.26942,-2100926584.4498749,2036324005947.406,-41323811583.93457,2.2230427708080223,39539595910.048775
1738022400000,2025-01-28 00:00:00,101958.46953745594,,,101958.46953745594,-593.7792053461308,-0.5790016431870826,93191643783.24739,72551825402.97797,2019295541213.5288,-17028464733.877197,2.2367020472486576,34465504957.09758
1738108800000,2025-01-29 00:00:00,101313.11264498268,,,101313.11264498268,-645.3568924732535,-0.6329605528613502,45780526813.56264,-47411116969.68475,2007072201507.5273,-12223339706.001465,1.1918237941288767,31686256178.151783
1738195200000,2025-01-30 00:00:00,103718.97939813645,,,103718.97939813645,2405.866753153765,2.3746844710855086,47425401641.53094,1644874827.9682999,2056581551171.7,49509349664.17261,1.3933026270801283,31850747412.879177
1738281600000,2025-01-31 00:00:00,104781.5135100103,,,104781.5135100103,1062.534111873858,1.0244355642907044,42122570869.034325,-5302830772.496613,2076760153260.6191,20178602088.91919,1.4419118272251237,24004901989.44066
1738368000000,2025-02-01 00:00:00,102382.39409722165,,,102382.39409722165,-2399.1194127886556,-2.289639968370427,37187819228.35328,-4934751640.681046,2028504133577.489,-48256019683.13013,1.6587853092761105,24090581691.711025
1738454400000,2025-02-02 00:00:00,100674.78762544956,,,100674.78762544956,-1707.6064717720874,-1.6678712065968604,22827776122.48367,-14360043105.86961,1996423711261.7268,-32080422315.762207,1.724693461087677,24077706657.631077
1738540800000,2025-02-03 00:00:00,97568.31653024875,,,97568.31653024875,-3106.471095200817,-3.08564951411483,59784234332.21204,36956458209.72838,1933691439792.2544,-62732271469.47241,1.8974225707584271,22172859716.60311
1738627200000,2025-02-04 00:00:00,101466.8606657039,,,101466.8606657039,3898.5441354551585,3.99570708411936,122163969235.23686,62379734903.02482,2011121374511.8835,77429934719.62915,2.600931994100816,32109001566.160683
1738713600000,2025-02-05 00:00:00,98118.43921664466,,,98118.43921664466,-3348.421449059242,-3.3000148295620035,73196693057.98114,-48967276177.25572,1943535291172.1597,-67586083339.72388,2.8823608205398,32621686836.699654
1738800000000,2025-02-06 00:00:00,96582.88682919052,,,96582.88682919052,-1535.5523874541395,-1.5649987909649221,48848958931.79228,-24347734126.188858,1912584628590.309,-30950662581.850586,2.6179536085667032,32550478592.2563
1738886400000,2025-02-07 00:00:00,96635.41875332211,,,96635.41875332211,52.53192413158831,0.054390509391688546,44462180396.172516,-4386778535.619766,1915093756057.5637,2509127467.2546387,2.5176739418889915,32371570666.592274
1738972800000,2025-02-08 00:00:00,96558.4563096667,,,96558.4563096667,-76.96244365541497,-0.07964206566111187,57077722340.22422,12615541944.051704,1911296376425.356,-3797379632.2077637,2.485292281234521,31050104479.872948
1739059200000,2025-02-09 00:00:00,96558.23762501091,,,96558.23762501091,-0.21868465578882024,-0.00022647903057393393,20760850644.84597,-36316871695.37825,1914211835440.1182,2915459014.762207,2.468876951986189,31482582849.12234
1739145600000,2025-02-10 00:00:00,96548.57865379585,,,96548.57865379585,-9.658971215059864,-0.010003259641677698,25457107581.051964,4696256936.205994,1913068773356.083,-1143062084.0351562,2.205955831329323,34238095268.370388
1739232000000,2025-02-11 00:00:00,97399.98161383197,,,97399.98161383197,851.4029600361246,0.8818389373592916,37054987393.57789,11597879812.525925,1930742951090.367,17674177734.283936,1.4035238497428937,18161973537.9675
1739318400000,2025-02-12 00:00:00,95739.97737079239,,,95739.97737079239,-1660.0042430395843,-1.7043167930165692,36454577154.5622,-600410239.015686,1898788887978.3252,-31954063112.041748,0.9400605595827701,12772315871.068026
1739404800000,2025-02-13 00:00:00,97836.18856127483,,,97836.18856127483,2096.2111904824415,2.189483691189942,47115618235.19051,10661041080.628311,1936842454813.9983,38053566835.673096,1.1713451043965268,12555186784.902237
1739491200000,2025-02-14 00:00:00,96561.6639990985,,,96561.6639990985,-1274.5245621763315,-1.3027128109943664,29084371910.690556,-18031246324.499958,1914315097486.3862,-22527357327.61206,1.3025350060379033,12650512474.738602
1739577600000,2025-02-15 00:00:00,97488.48148536457,,,97488.48148536457,926.8174862660671,0.9598192987589016,32289906944.92862,3205535034.238064,1931656846871.4856,17341749385.099365,1.3507860192722327,8651107590.403454
1739664000000,2025-02-16 00:00:00,97569.95169430465,,,97569.95169430465,81.47020894008165,0.08356906138937692,14215311318.346336,-18074595626.582283,1934308378710.2861,2651531838.800537,1.3496569874679143,10334354438.486063
1739750400000,2025-02-17 00:00:00,96149.3484548204,,,96149.3484548204,-1420.6032394842478,-1.4559843628242475,13634794998.739267,-580516319.607069,1905012222220.3691,-29296156489.916992,1.4834661985909567,12297926303.760544
1739836800000,2025-02-18 00:00:00,95776.15723852723,,,95776.15723852723,-373.1912162931694,-0.38813702046928134,25324374113.08163,11689579114.342363,1898997753781.9536,-6014468438.415527,1.4271331879288813,11967735833.947731
1739923200000,2025-02-19 00:00:00,95495.89153299287,,,95495.89153299287,-280.26570553435886,-0.29262575740679475,38311133144.729355,12986759031.647724,1892702154844.508,-6295598937.445557,1.2760100629388789,12196880815.69341
1740009600000,2025-02-20 00:00:00,96554.87156259285,,,96554.87156259285,1058.980029599974,1.1089273188617854,27703222487.389572,-10607910657.339783,1914337919659.5537,21635764815.045654,0.9978736383869725,9087353388.11203
1740096000000,2025-02-21 00:00:00,98384.31738240314,,,98384.31738240314,1829.4458198102948,1.8947214057701167,24175261969.81266,-3527960517.576912,1950376106325.3228,36038186665.76904,1.1241871983901057,8979960314.75634
1740182400000,2025-02-22 00:00:00,96135.15541305285,,,96135.15541305285,-2249.161969350287,-2.286098058299446,42477472950.92155,18302210981.108887,1906058197506.3809,-44317908818.941895,1.4232735054929373,10950092572.140316
1740268800000,2025-02-23 00:00:00,96564.15414290235,,,96564.15414290235,428.99872984949616,0.4462454218815859,18464415570.762142,-24013057380.159405,1915260330870.798,9202133364.417236,1.4414116671469555,10247684764.808844
1740355200000,2025-02-24 00:00:00,96327.46309127835,,,96327.46309127835,-236.69105162400228,-0.2451127478150239,16643044374.983364,-1821371195.778778,1909625674815.4763,-5634656055.321777,1.3249743490131745,9630661566.531027
1740441600000,2025-02-25 00:00:00,91396.76686930266,,,91396.76686930266,-4930.696221975682,-5.118681696520378,45539703844.38777,28896659469.404408,1814176779160.4363,-95448895655.04004,2.3702425714061595,11657302500.977152
1740528000000,2025-02-26 00:00:00,88755.7693356979,,,88755.7693356979,-2640.9975336047646,-2.889596234165903,96742453402.56294,51202749558.17517,1759750360550.3337,-54426418610.10254,2.505842551470533,27862042292.82528
1740614400000,2025-02-27 00:00:00,83900.11496524839,,,83900.11496524839,-4855.6543704495125,-5.470804215649505,69277430795.68657,-27465022606.876373,1664314955447.7466,-95435405102.58716,2.7947233316369013,29481209089.420197
1740700800000,2025-02-28 00:00:00,84709.14477847965,,,84709.14477847965,809.02981323126,0.964277359532062,81960688217.70384,12683257422.017273,1679555320077.2097,15240364629.463135,2.5963175204782885,30816638558.2051
1740787200000,2025-03-01 00:00:00,84441.9012237131,,,84441.9012237131,-267.2435547665518,-0.3154837124910381,80695237175.07367,-1265451042.6301727,1674754437110.342,-4800882966.867676,2.6765606381804328,32001271474.7863
1740873600000,2025-03-02 00:00:00,86005.25629681018,,,86005.25629681018,1563.3550730970892,1.8513972926252231,30634474722.6359,-50060762452.437775,1705564098300.8237,30809661190.48169,2.915492682744433,29714151130.05909
1740960000000,2025-03-03 00:00:00,94261.53286538439,,,94261.53286538439,8256.276568574205,9.599734858159392,61859112550.80991,31224637828.174015,1868321705444.4878,162757607143.66406,5.177202992430944,22766410405.684395
1741046400000,2025-03-04 00:00:00,86124.71418722175,,,86124.71418722175,-8136.818678162643,-8.63217309417501,68715362745.4567,6856250194.64679,1708198960874.3418,-160122744570.146,5.859267659080248,20779373208.47247
1741132800000,2025-03-05 00:00:00,87310.80531078295,,,87310.80531078295,1186.0911235612002,1.3771785889272525,65863356680.42408,-2852006065.0326233,1731441668069.6523,23242707195.310547,5.815162859301762,17104645786.641268
1741219200000,2025-03-06 00:00:00,90604.08098523637,,,90604.08098523637,3293.275674453427,3.7718993230345443,51606642859.81411,-14256713820.60997,1797706868227.531,66265200157.87866,5.425911441070283,17758165805.067444
1741305600000,2025-03-07 00:00:00,90001.40087607042,,,90001.40087607042,-602.6801091659581,-0.6651798711629353,47555759124.64708,-4050883735.1670303,1782785866811.654,-14921001415.876953,5.474000116716975,16357075589.767282
1741392000000,2025-03-08 00:00:00,86773.33597555371,,,86773.33597555371,-3228.064900516707,-3.586682950592812,63216440874.73251,15660681750.085434,1720436931689.2776,-62348935122.376465,5.738099972791945,13406845551.368292
1741478400000,2025-03-09 00:00:00,86142.9833586432,,,86142.9833586432,-630.3526169105025,-0.72643584555524,18809360803.37126,-44407080071.36125,1708605516770.228,-11831414919.04956,5.721924468678931,17270432692.856106
1741564800000,2025-03-10 00:00:00,80751.13893300897,,,80751.13893300897,-5391.844425634234,-6.259180046256474,32013406240.51754,13204045437.146278,1602073794580.0344,-106531722190.1936,4.333851051188999,18622613906.61298
1741651200000,2025-03-11 00:00:00,78783.94057934263,,,78783.94057934263,-1967.1983536663465,-2.436124591751365,49983692766.22745,17970286525.709908,1563547150147.7332,-38526644432.30127,3.2835264316692734,16676037806.990805
1741737600000,2025-03-12 00:00:00,82799.1080292053,,,82799.1080292053,4015.167449862667,5.0964288157419935,56404462275.083046,6420769508.855598,1642997419531.6057,79450269383.87256,3.9968456287619647,15212435071.21747
1741824000000,2025-03-13 00:00:00,83884.24578828987,,,83884.24578828987,1085.1377590845805,1.3105669673419973,41782186208.59073,-14622276066.492317,1662502658717.542,19505239185.93628,3.6307554068379857,15023928302.199795
1741910400000,2025-03-14 00:00:00,81098.90052436228,,,81098.90052436228,-2785.345263927593,-3.3204629042709044,32583592654.882656,-9198593553.708073,1608477373718.186,-54025284999.35596,3.72284102590049,15532382038.317247
1741996800000,2025-03-15 00:00:00,83971.70916064628,,,83971.70916064628,2872.8086362839967,3.542352137586624,28571483950.074646,-4012108704.80801,1665725559905.8198,57248186187.63379,3.9956301185385614,13000643667.78787
1742083200000,2025-03-16 00:00:00,84391.69087647168,,,84391.69087647168,419.9817158254009,0.500146680380098,10761796127.312485,-17809687822.76216,1674173293916.4658,8447734010.645996,4.005758997810287,15083282851.629509
1742169600000,2025-03-17 00:00:00,82610.61750343916,,,82610.61750343916,-1781.0733730325155,-2.110484284098013,21638031633.118767,10876235505.806282,1638672153483.722,-35501140432.7439,3.187245351070817,16022513693.308693
1742256000000,2025-03-18 00:00:00,84075.36559694471,,,84075.36559694471,1464.74809350555,1.7730748634636084,19659366246.596867,-1978665386.5219002,1667799227887.438,29127074403.716064,2.9587030523015994,15228320606.03058
1742342400000,2025-03-19 00:00:00,82780.03048688271,,,82780.03048688271,-1295.3351100620057,-1.5406832915503599,24557570268.85276,4898204022.255894,1642578274105.806,-25220953781.63208,2.4327521434310175,9930532088.318312
1742428800000,2025-03-20 00:00:00,86815.44109470697,,,86815.44109470697,4035.410607824262,4.87486001646702,33871216993.304657,9313646724.451897,1721565138141.278,78986864035.47217,3.043685823555466,8063316047.60738
1742515200000,2025-03-21 00:00:00,84270.84358966233,,,84270.84358966233,-2544.597505044643,-2.93104253455182,27579127651.06656,-6292089342.238098,1672550706502.8184,-49014431638.45972,2.964069491417757,7425919604.999803
1742601600000,2025-03-22 00:00:00,84009.532917822,,,84009.532917822,-261.3106718403287,-0.3100843194506542,18091004975.919056,-9488122675.147503,1666749159154.2927,-5801547348.525635,2.6665791498342006,7361106449.659347
1742688000000,2025-03-23 00:00:00,83793.30854192551,,,83793.30854192551,-216.22437589649053,-0.25738076190472414,7771134681.982918,-10319870293.936138,1662574363663.653,-4174795490.6396484,2.6599920963752353,8183775029.348638
1742774400000,2025-03-24 00:00:00,85787.70914901773,,,85787.70914901773,1994.4006070922187,2.380143046976513,12617587530.619724,4846452848.6368065,1702009594329.4495,39435230665.79639,2.627648399948607,8906682197.418766
1742860800000,2025-03-25 00:00:00,87327.72969669085,,,87327.72969669085,1540.0205476731207,1.7951528988820797,27270889835.1835,14653302304.563774,1732715331970.134,30705737640.68457,2.6293460710321486,9232448914.90212
1742947200000,2025-03-26 00:00:00,87520.58391530563,,,87520.58391530563,192.85421861478244,0.22083961106582617,30351832942.705593,3080943107.5220947,1735368473904.4885,2653141934.354492,2.472982734074752,9777143181.048304
1743033600000,2025-03-27 00:00:00,86960.8555491039,,,86960.8555491039,-559.7283662017289,-0.6395391131569506,25522877558.700558,-4828955384.005035,1724854479045.6724,-10513994858.816162,1.73634323866576,8598041612.571716
1743120000000,2025-03-28 00:00:00,87227.27158032371,,,87227.27158032371,266.41603121980734,0.30636316712566725,24620445368.489468,-902432190.2110901,1729729987159.4822,4875508113.809814,1.144275124843606,8306559533.943341
1743206400000,2025-03-29 00:00:00,84359.46915506005,,,84359.46915506005,-2867.8024252636533,-3.287736017998477,31674486232.097313,7054040863.607845,1673182800974.1038,-56547186185.37842,1.8383161631326121,9092528382.966091
1743292800000,2025-03-30 00:00:00,82679.17255385047,,,82679.17255385047,-1680.2966012095858,-1.9918292730375708,16837439419.924389,-14837046812.172924,1640665503855.1438,-32517297118.95996,2.000184932209664,6992774390.635531
1743379200000,2025-03-31 00:00:00,82356.38111183756,,,82356.38111183756,-322.7914420129091,-0.39041445631627925,13428975108.070734,-3408464311.853655,1633996304187.2593,-6669199667.8845215,1.6548998447801537,6773464804.934781
1743465600000,2025-04-01 00:00:00,82514.09365397849,,,82514.09365397849,157.71254214092914,0.1915000878034645,30326148749.91535,16897173641.844618,1635076581047.3545,1080276860.0952148,1.3572035507433748,7091977022.151778
1743552000000,2025-04-02 00:00:00,85237.5876052852,,,85237.5876052852,2723.4939513067075,3.300640933811416,29172899851.734768,-1153248898.180584,1690602036035.04,55525454987.68555,2.060017995563722,6947367328.136783
1743638400000,2025-04-03 00:00:00,82526.4221526433,,,82526.4221526433,-2711.1654526419006,-3.180715842401194,46332905657.77597,17160005806.041203,1637358764747.381,-53243271287.658936,2.324663168868959,10823312259.463654
1743724800000,2025-04-04 00:00:00,83163.98757387721,,,83163.98757387721,637.5654212339141,0.7725591448211055,36594464539.14662,-9738441118.629349,1652537223074.958,15178458327.576904,2.365348460534056,11233614491.79508
1743811200000,2025-04-05 00:00:00,83852.00765399594,,,83852.00765399594,688.0200801187311,0.8273053038823308,35647289400.47406,-947175138.6725616,1664234880198.049,11697657123.091064,2.098303272142221,11477451684.89561
1743897600000,2025-04-06 00:00:00,83595.88550177493,,,83595.88550177493,-256.12215222101077,-0.305445462054843,14910400035.531416,-20736889364.942642,1656020067997.187,-8214812200.862061,1.9306225127774583,11856011219.371218
1743984000000,2025-04-07 00:00:00,78211.48358199988,,,78211.48358199988,-5384.401919775046,-6.440989155693222,36140377231.68329,21229977196.15187,1555325260787.2627,-100694807209.92432,3.1772360155823467,9627079463.962135
1744070400000,2025-04-08 00:00:00,79179.29226757778,,,79179.29226757778,967.8086855778965,1.2374253002926494,82909748172.59216,46769370940.908875,1581407565278.352,26082304491.089355,3.2494141945634905,21107226101.221123
1744156800000,2025-04-09 00:00:00,76329.090356324,,,76329.090356324,-2850.201911253782,-3.5996809640857053,47812787635.22632,-35096960537.365845,1515042499757.3254,-66365065521.02661,2.919561619522636,20648534000.825798
1744243200000,2025-04-10 00:00:00,82622.17029546302,,,82622.17029546302,6293.079939139017,8.244667805893258,87408220482.11568,39595432846.88936,1640567909122.172,125525409364.84668,4.56886272616152,26726328039.31726
1744329600000,2025-04-11 00:00:00,79596.35732250768,,,79596.35732250768,-3025.812972955333,-3.662228869242723,41213520154.25157,-46194700327.864105,1580023209138.0547,-60544699984.11743,4.764186953684541,26430867379.633266
1744416000000,2025-04-12 00:00:00,83439.28818043756,,,83439.28818043756,3842.9308579298813,4.828023526703795,39813566443.76779,-1399953710.48378,1655868880454.1702,75845671316.11548,5.1760962100294785,26113658592.427174
1744502400000,2025-04-13 00:00:00,85305.09728392666,,,85305.09728392666,1865.8091034890967,2.236127781260877,22428929482.069122,-17384636961.69867,1693600655371.0874,37731774916.91724,5.23636112718464,24535346194.781876
1744588800000,2025-04-14 00:00:00,83600.82010054543,,,83600.82010054543,-1704.2771833812294,-1.997860898873105,28731125717.934357,6302196235.865234,1658923208081.8682,-34677447289.21924,4.483158252312018,25431904322.226086
1744675200000,2025-04-15 00:00:00,84523.4524914945,,,84523.4524914945,922.6323909490748,1.1036164356275968,33155578229.343513,4424452511.409157,1677843510120.269,18920302038.40088,4.48246597791536,21339529069.076614
1744761600000,2025-04-16 00:00:00,83656.49248858042,,,83656.49248858042,-866.9600029140856,-1.0257034909942009,25084671427.622566,-8070906801.720947,1660749023283.0562,-17094486837.21289,4.132042756123675,22186409936.964233
1744848000000,2025-04-17 00:00:00,84105.77942167096,,,84105.77942167096,449.2869330905378,0.5370616430659725,26948109141.803364,1863437714.1807976,1670497569762.047,9748546478.990967,2.8192658932493897,7264540521.40749
1744934400000,2025-04-18 00:00:00,84930.90857600998,,,84930.90857600998,825.1291543390253,0.9810611827305804,19323821375.14309,-7624287766.6602745,1686226810049.1836,15729240287.136475,2.216661848172769,6862405187.304523
1745020800000,2025-04-19 00:00:00,84433.75017215389,,,84433.75017215389,-497.1584038560977,-0.5853680505621295,9550691272.782005,-9773130102.361084,1676373197914.5117,-9853612134.671875,1.4510048571281589,7616776668.599664
1745107200000,2025-04-20 00:00:00,85126.66244301842,,,85126.66244301842,692.91227086453,0.8206579353063681,12635983530.804455,3085292258.0224495,1690090596771.3958,13717398856.884033,1.1919573898693974,8691891475.451223
1745193600000,2025-04-21 00:00:00,85073.16544858096,,,85073.16544858096,-53.49699443746067,-0.0628439937643166,12625843856.313684,-10139674.49077034,1689008667806.3804,-1081928965.0153809,0.8260597318407978,8807065185.97825
1745280000000,2025-04-22 00:00:00,87452.04699068287,,,87452.04699068287,2378.88154210191,2.796277215686449,40070025414.28289,27444181557.969208,1735703747771.06,46695079964.67969,1.2537195723920969,10720908079.07145
1745366400000,2025-04-23 00:00:00,93576.16588573981,,,93576.16588573981,6124.1188950569485,7.002830815051597,53841992235.36636,13771966821.083473,1858587811717.8286,122884063946.76855,2.590715905046274,16531031914.685753
1745452800000,2025-04-24 00:00:00,93605.45230873208,,,93605.45230873208,29.286422992270673,0.031296882828080186,39901515879.65954,-13940476355.706825,1858660302322.256,72490604.42749023,2.63334900410105,17483101902.801582
1745539200000,2025-04-25 00:00:00,93872.81422867288,,,93872.81422867288,267.36191994079854,0.2856264387879559,30031246761.093452,-9870269118.566086,1864298110563.3408,5637808241.084717,2.672066266359795,17180667639.803272
1745625600000,2025-04-26 00:00:00,94773.11200643536,,,94773.11200643536,900.2977777624765,0.9590612417023747,39336184715.04292,9304937953.94947,1882121595175.8462,17823484612.50537,2.534300351547056,15328789752.982561
1745712000000,2025-04-27 00:00:00,94644.06637120107,,,94644.06637120107,-129.04563523428806,-0.13616270744124526,15445392739.787264,-23890791975.25566,1879131951239.1846,-2989643936.661621,2.613592428249445,14743512368.598124
1745798400000,2025-04-28 00:00:00,93809.33781968223,,,93809.33781968223,-834.7285515188414,-0.8819660687918618,15926259371.057959,480866631.27069473,1862772247122.064,-16359704117.120605,2.714425627968433,14016890978.216448
1745884800000,2025-04-29 00:00:00,95030.60645474444,,,95030.60645474444,1221.2686350622098,1.301862547425392,31913814736.53902,15987555365.481062,1887067388174.3481,24295141052.28418,2.647620246123583,13716227408.37795
1745971200000,2025-04-30 00:00:00,94256.35946318062,,,94256.35946318062,-774.2469915638212,-0.8147343476467617,25882629766.278946,-6031184970.260075,1870818389258.4038,-16248998915.944336,0.824430826340897,9971854153.107803
1746057600000,2025-05-01 00:00:00,94235.75331048167,,,94235.75331048167,-20.60615269895061,-0.021861816875068385,26541700309.366146,659070543.0872002,1871350362569.0933,531973310.6894531,0.8254823682688069,8572362719.086216
1746144000000,2025-05-02 00:00:00,96426.94522273027,,,96426.94522273027,2191.1919122485997,2.3252235327595905,30207566405.468834,3665866096.102688,1914884389769.3945,43534027200.30127,1.1843545157867397,8584924938.907727
1746230400000,2025-05-03 00:00:00,96855.5681343944,,,96855.5681343944,428.6229116641334,0.44450533061488606,23276376191.483967,-6931190213.984867,1923251765866.1472,8367376096.752686,1.1588571232048868,6453081056.928417
1746316800000,2025-05-04 00:00:00,95922.86842404422,,,95922.86842404422,-932.6997103501781,-0.9629799590416765,13797554863.642815,-9478821327.841152,1904894886394.57,-18356879471.57715,1.2511678724367525,6842711787.974308
1746403200000,2025-05-05 00:00:00,94326.62048529249,,,94326.62048529249,-1596.2479387517378,-1.6640952934134923,14903122945.616686,1105568081.9738712,1872812442453.0322,-32082443941.53784,1.3908698630968674,7050080660.242579
1746489600000,2025-05-06 00:00:00,94758.8237105546,,,94758.8237105546,432.20322526211385,0.45819856901319067,24086456278.203846,9183333332.58716,1882511286487.958,9698844034.925781,1.301734075518785,6103887542.5237665
1746576000000,2025-05-07 00:00:00,96854.53198815876,,,96854.53198815876,2095.7082776041643,2.2116233565811383,23348052607.071873,-738403671.1319733,1923643840814.599,41132554326.64111,1.488287113352742,5954964505.7500305
1746662400000,2025-05-08 00:00:00,97026.49376966801,,,97026.49376966801,171.9617815092497,0.17754644824494736,64376174032.08048,41028121425.008606,1927134557858.269,3490717043.669922,1.4807860317206996,17127132317.034279
1746748800000,2025-05-09 00:00:00,103076.27555512934,,,103076.27555512934,6049.781785461324,6.23518541216479,50020047720.65604,-14356126311.424446,2047883753852.6929,120749195994.42383,2.617346475618089,19128132771.330055
1746835200000,2025-05-10 00:00:00,102962.54045692299,,,102962.54045692299,-113.73509820635081,-0.11034071380034982,40800894903.23446,-9219152817.421577,2045046445523.5242,-2837308329.168701,2.644726298051571,19165188563.35965
1746921600000,2025-05-11 00:00:00,104630.8792994166,,,104630.8792994166,1668.338842493613,1.6203357406392005,21558992540.042442,-19241902363.192017,2077132539531.3464,32086094007.822266,2.517570807282307,18058455387.46036
1747008000000,2025-05-12 00:00:00,103994.061616746,,,103994.061616746,-636.817682670604,-0.6086326397470643,27389436049.454792,5830443509.41235,2065659960471.3655,-11472579059.980957,2.337326923747776,16378243668.584185
1747094400000,2025-05-13 00:00:00,102876.8304286011,,,102876.8304286011,-1117.2311881448986,-1.074322101450642,43090605819.36596,15701169769.911167,2044347271866.1707,-21312688605.194824,2.5086143528167075,15644549678.167486
1747180800000,2025-05-14 00:00:00,104184.49039270742,,,104184.49039270742,1307.6599641063221,1.271092780228944,33861432519.50822,-9229173299.857738,2069356072124.024,25008800257.85327,2.4707619688485356,14384015927.484016
1747267200000,2025-05-15 00:00:00,103594.42575090709,,,103594.42575090709,-590.0646418003307,-0.5663651466510711,28398245846.798244,-5463186672.709976,2057798367292.5637,-11557704831.460205,2.5309610418246793,10067844285.806673
1747353600000,2025-05-16 00:00:00,103708.85136423641,,,103708.85136423641,114.42561332932382,0.11045537682159434,31823340473.339912,3425094626.541668,2060142559914.034,2344192621.470215,1.0043231420115943,7593610031.54445
1747440000000,2025-05-17 00:00:00,103556.03493982446,,,103556.03493982446,-152.81642441195436,-0.14735138071797493,25887953182.14765,-5935387291.192261,2057725640290.0767,-2416919623.9572754,1.0056608679990309,6910887882.477005
1747526400000,2025-05-18 00:00:00,103212.36483885496,,,103212.36483885496,-343.67010096949525,-0.331868732874141,18950056010.479057,-6937897171.668594,2050318521477.805,-7407118812.2717285,0.7467596145648917,7504873957.303283
1747612800000,2025-05-19 00:00:00,106030.6376831359,,,106030.6376831359,2818.272844280931,2.7305573791290394,30744060179.802963,11794004169.323906,2104889720872.8306,54571199395.025635,1.2989501214623678,7423429011.899396
1747699200000,2025-05-20 00:00:00,105629.41580436694,,,105629.41580436694,-401.22187876894895,-0.3784018351072893,43339734153.75087,12595673973.947906,2098485415895.0496,-6404304977.781006,1.2005099330275464,7494701694.4760685
1747785600000,2025-05-21 00:00:00,106786.71995834043,,,106786.71995834043,1157.304153973484,1.0956267675633846,36393687094.25122,-6946047059.499649,2121778617273.821,23293201378.771484,1.1805670429585522,7744910768.100741
1747872000000,2025-05-22 00:00:00,109665.86371625263,,,109665.86371625263,2879.1437579121994,2.6961627429285207,60722883113.84,24329196019.588776,2178838967665.505,57060350391.68384,1.3813158126880634,13545138232.844137
1747958400000,2025-05-23 00:00:00,111560.356938144,,,111560.356938144,1894.4932218913746,1.727514066540481,52218408239.45193,-8504474874.388069,2214712145787.249,35873178121.74414,1.3771056872489003,14782358167.492554
1748044800000,2025-05-24 00:00:00,107216.66856870624,,,107216.66856870624,-4343.688369437761,-3.89357697362529,49251745837.96465,-2966662401.487274,2131595896624.4407,-83116249162.80835,2.3246557930931586,14130127143.788698
1748131200000,2025-05-25 00:00:00,107831.36374380375,,,107831.36374380375,614.6951750975131,0.5733205324353063,27128230116.517162,-22123515721.44749,2142540077685.2197,10944181060.779053,2.2942937308963045,12136980325.013718
1748217600000,2025-05-26 00:00:00,108861.81037744327,,,108861.81037744327,1030.4466336395126,0.9556093866045723,29652659665.048733,2524429548.5315704,2163072841533.6133,20532763848.393555,2.117306757528837,12323665796.243557
1748304000000,2025-05-27 00:00:00,109377.71513263129,,,109377.71513263129,515.9047551880212,0.47390793281802956,27950577137.918888,-1702082527.1298447,2173059855839.4187,9987014305.80542,2.0896366030213396,13501192961.257015
1748390400000,2025-05-28 00:00:00,109068.45694901445,,,109068.45694901445,-309.25818361683923,-0.282743320466905,38978783508.88622,11028206370.967335,2167551887130.0073,-5507968709.411377,2.0911168882224516,13406000964.763203
1748476800000,2025-05-29 00:00:00,107838.18431100152,,,107838.18431100152,-1230.2726380129316,-1.127982069635436,29794278037.284946,-9184505471.601276,2143342706888.307,-24209180241.70044,1.853335076649206,10555849904.80496
1748563200000,2025-05-30 00:00:00,105745.41660358038,,,105745.41660358038,-2092.7677074211388,-1.9406555486743637,38279231892.56757,8484953855.282627,2101348752694.3137,-41993954193.993164,1.723328100072235,8111758308.8710785
1748649600000,2025-05-31 00:00:00,104010.91956242644,,,104010.91956242644,-1734.4970411539398,-1.6402574190579222,39680060337.610214,1400828445.0426407,2066830946978.0637,-34517805716.25,1.154644066205384,5622340976.782392
1748736000000,2025-06-01 00:00:00,104687.50742934884,,,104687.50742934884,676.5878669224039,0.6504969572125763,20432694555.09522,-19247365782.514996,2080467809295.7695,13636862317.70581,1.1660989636543484,7160153313.777012
1748822400000,2025-06-02 00:00:00,105710.00593822816,,,105710.00593822816,1022.4985088793183,0.9767149242419171,17721500507.53389,-2711194047.561329,2101178071590.9749,20710262295.205322,1.1702561975434955,9020857713.64819
1748908800000,2025-06-03 00:00:00,105884.74263221149,,,105884.74263221149,174.73669398333004,0.16529815927306402,26313843058.73954,8592342551.20565,2104229403094.936,3051331503.9611816,1.136607321953772,9115800488.544426
1748995200000,2025-06-04 00:00:00,105434.47745144971,,,105434.47745144971,-450.26518076178036,-0.4252408511071004,25925661121.080395,-388181937.65914536,2095294001281.4797,-8935401813.456299,1.1342394267027158,8313691930.462845
1749081600000,2025-06-05 00:00:00,104812.9182188067,,,104812.9182188067,-621.5592326430051,-0.589521803177917,25812143562.797962,-113517558.28243256,2083148839111.2068,-12145162170.27295,1.1005197269696938,8331164812.129102
1749168000000,2025-06-06 00:00:00,101650.7387545425,,,101650.7387545425,-3162.1794642642053,-3.0169749282839997,39711941132.0234,13899797569.225437,2020294099992.3677,-62854739118.83911,1.3889643636470015,8644985605.472391
1749254400000,2025-06-07 00:00:00,104409.74967959142,,,104409.74967959142,2759.0109250489186,2.71420646701952,29897390978.090103,-9814550153.933296,2075175500201.4253,54881400209.05762,1.7497443972692044,7080435225.8073435
1749340800000,2025-06-08 00:00:00,105681.4546141758,,,105681.4546141758,1271.7049345843843,1.2179944291476064,17749731308.73042,-12147659669.359684,2100553336902.5076,25377836701.082275,1.7938308704186872,7525109723.528747
1749427200000,2025-06-09 00:00:00,105692.24740699006,,,105692.24740699006,10.792792814259883,0.010212570269452215,16044679696.270103,-1705051612.4603157,2100654769399.4705,101432496.96289062,1.7562997954764483,7857896923.319216
1749513600000,2025-06-10 00:00:00,110261.57485948496,,,110261.57485948496,4569.327452494894,4.323238046873712,38222993297.50514,22178313601.23504,2191877481230.9468,91222711831.47632,2.4017549525515784,9141246305.823349
1749600000000,2025-06-11 00:00:00,110212.73252109604,,,110212.73252109604,-48.84233838891669,-0.044296790111297835,36303839182.734825,-1919154114.770317,2189350055406.3333,-2527425824.6135254,2.3787299915162112,9647565837.067928
1749686400000,2025-06-12 00:00:00,108679.9760916168,,,108679.9760916168,-1532.7564294792392,-1.3907253675847775,30338936631.626648,-5964902551.108177,2159529375273.4956,-29820680132.837646,2.466489646869383,9541099376.976358
1749772800000,2025-06-13 00:00:00,105979.22902375912,,,105979.22902375912,-2700.747067857679,-2.485045695612742,35865159511.38857,5526222879.761925,2107911943768.2988,-51617431505.19678,2.3435984387339954,8965283532.464878
1749859200000,2025-06-14 00:00:00,106045.56440819203,,,106045.56440819203,66.33538443291036,0.06259281657732263,49471015505.74361,13605855994.355034,2107973087547.7922,61143779.4934082,2.1555941823866807,11816838631.982798
1749945600000,2025-06-15 00:00:00,105482.90611628917,,,105482.90611628917,-562.6582919028588,-0.5305816372828787,17916412455.866283,-31554603049.877323,2097486541223.27,-10486546324.522217,2.124736518154888,11783459710.560461
1750032000000,2025-06-16 00:00:00,105554.49383061715,,,105554.49383061715,71.58771432797948,0.06786664964373301,16568441852.649668,-1347970603.2166157,2098499110552.6216,1012569329.3515625,2.1249297189285516,11666166822.906492
1750118400000,2025-06-17 00:00:00,106951.2720181497,,,106951.2720181497,1396.7781875325454,1.3232768561933117,32095957011.724205,15527515159.074537,2127895470544.7178,29396359992.09619,1.2158374224264796,11355759258.01774
1750204800000,2025-06-18 00:00:00,104683.42479835715,,,104683.42479835715,-2267.847219792544,-2.1204490390798636,38603212010.889435,6507254999.16523,2080968120976.949,-46927349567.7688,1.3521837368938479,11558674401.37581
1750291200000,2025-06-19 00:00:00,104722.695052907,,,104722.695052907,39.27025454984687,0.03751334523636185,30339326410.154945,-8263885600.734489,2081677732261.6853,709611284.7363281,1.3426616998718903,11558667588.45234
1750377600000,2025-06-20 00:00:00,104690.65002458123,,,104690.65002458123,-32.04502832576691,-0.030599888887106186,18063282658.152298,-12276043752.002647,2081355279873.408,-322452388.27734375,1.027725681661142,12380520748.971897
1750464000000,2025-06-21 00:00:00,103290.105144757,,,103290.105144757,-1400.5448798242287,-1.3377936611296048,30632751225.407444,12569468567.255146,2054120245608.2085,-27235034265.199463,1.1080505451472298,8687925290.178429
1750550400000,2025-06-22 00:00:00,101532.5683847329,,,101532.5683847329,-1757.5367600241007,-1.7015538492878735,21644463198.719532,-8988288026.687912,2017415966695.5278,-36704278912.680664,1.219136733150263,8186952172.040815
1750636800000,2025-06-23 00:00:00,100852.58264648831,,,100852.58264648831,-679.9857382445916,-0.6697217937676414,51287142390.02526,29642679191.30573,2005179769771.7349,-12236196923.792969,1.1896232446809265,10965458996.356213
1750723200000,2025-06-24 00:00:00,105511.62437933135,,,105511.62437933135,4659.041732843034,4.619655352975993,50011797128.6837,-1275345261.3415604,2097741233586.5918,92561463814.85693,2.264458771885029,12954003719.10239
1750809600000,2025-06-25 00:00:00,105976.06929808448,,,105976.06929808448,464.44491875312815,0.44018364941798005,31704641076.941063,-18307156051.742638,2107110352429.8032,9369118843.211426,2.097915489809171,12840086314.812147
1750896000000,2025-06-26 00:00:00,107238.53045016268,,,107238.53045016268,1262.4611520782055,1.1912700295830136,30468274982.034847,-1236366094.9062157,2132141147369.0017,25030794939.198486,2.128673114596938,12835082836.225986
1750982400000,2025-06-27 00:00:00,106984.01253775663,,,106984.01253775663,-254.51791240605235,-0.23733812029841372,24320699663.15122,-6147575318.883629,2127292099754.93,-4849047614.071777,2.1363960495691274,11761796986.485111
1751068800000,2025-06-28 00:00:00,107078.91560644074,,,107078.91560644074,94.90306868411426,0.08870771102422736,25194306261.888832,873606598.7376137,2129020567385.9595,1728467631.029541,2.0154930476644832,12214963100.785347
1751155200000,2025-06-29 00:00:00,107331.58548463577,,,107331.58548463577,252.66987819502538,0.23596604127342768,8960877693.57604,-16233428568.312792,2134239999929.6584,5219432543.698975,1.7763199749835967,14912750200.834023
1751241600000,2025-06-30 00:00:00,108396.61631317894,,,108396.61631317894,1065.0308285431674,0.9922809056944537,14881078675.366829,5920200981.790789,2155183166489.813,20943166560.15454,1.6523480540531232,13195417015.61583
1751328000000,2025-07-01 00:00:00,107132.79910701896,,,107132.79910701896,-1263.8172061599762,-1.1659194254814764,22489515582.41552,7608436907.048691,2130471589191.581,-24711577298.231934,0.7890589022022781,8166092735.238969
1751414400000,2025-07-02 00:00:00,105613.39974163055,,,105613.39974163055,-1519.39936538841,-1.418239211570138,25033160828.30909,2543645245.89357,2100087563077.9324,-30384026113.64868,0.9899810392376541,7262157249.651009
1751500800000,2025-07-03 00:00:00,108824.44423167943,,,108824.44423167943,3211.04449004888,3.040376029844971,36395184773.06136,11362023944.752274,2163835371770.0977,63747808692.16528,1.4934405116891332,8673868404.22568
1751587200000,2025-07-04 00:00:00,109602.20483914016,,,109602.20483914016,777.760607460732,0.7146929285528403,29892049537.628605,-6503135235.432758,2179664531219.9346,15829159449.836914,1.4882541825602114,9116537809.594297
1751673600000,2025-07-05 00:00:00,108040.8919400104,,,108040.8919400104,-1561.3128991297563,-1.4245269074844358,24248906784.57383,-5643142753.054775,2148601712907.3433,-31062818312.59131,1.6360175534653656,9090135244.93387
1751760000000,2025-07-06 00:00:00,108217.46849992426,,,108217.46849992426,176.576559913854,0.16343493351749228,10042942280.966904,-14205964503.606926,2152344091389.654,3742378482.310791,1.6355324063423922,8814060656.529755
1751846400000,2025-07-07 00:00:00,109215.19771840284,,,109215.19771840284,997.7292184785765,0.9219668804942183,14638669497.351297,4595727216.384394,2171497503296.0474,19153411906.39331,1.629550841707341,8852964589.764181
1751932800000,2025-07-08 00:00:00,108300.71675785031,,,108300.71675785031,-914.4809605525224,-0.8373202444868499,25493246475.80407,10854576978.452772,2153777588647.4504,-17719914648.596924,1.590641110673647,8882783064.796122
1752019200000,2025-07-09 00:00:00,108953.19187727802,,,108953.19187727802,652.4751194277051,0.6024661137622678,20488865138.27645,-5004381337.527618,2167049398056.7417,13271809409.29126,1.430567193398839,8933127973.421072
1752105600000,2025-07-10 00:00:00,111327.53054245669,,,111327.53054245669,2374.3386651786714,2.1792281843868055,37078460440.66385,16589595302.387398,2215210888568.426,48161490511.68408,1.18750628920744,9105593634.793316
1752192000000,2025-07-11 00:00:00,115879.65030112496,,,115879.65030112496,4552.119758668268,4.088943441471771,56204086624.04028,19125626183.376434,2303292356999.7437,88081468431.31787,1.862194049707219,15529217096.020943
1752278400000,2025-07-12 00:00:00,117571.02510036016,,,117571.02510036016,1691.3747992352,1.459596050592138,64185145923.88688,7981059299.846596,2338612196961.7437,35319839962.0,1.5825727941540135,20830450723.26304
1752364800000,2025-07-13 00:00:00,117418.95745007684,,,117418.95745007684,-152.06765028332302,-0.12934109416288253,24351256098.393543,-39833889825.49333,2335485977830.673,-3126219131.070801,1.6187737762586363,18857803548.771683
1752451200000,2025-07-14 00:00:00,119117.55666327637,,,119117.55666327637,1698.59921319953,1.4466141158864687,27310851454.97692,2959595356.583378,2369050366835.5605,33564389004.887695,1.6167829579886572,17149193018.152365
1752537600000,2025-07-15 00:00:00,119833.67446712355,,,119833.67446712355,716.1178038471844,0.6011857730355619,68915956378.80447,41605104923.82755,2383825813673.847,14775446838.286621,1.3800740252860306,20123235586.29404
1752624000000,2025-07-16 00:00:00,117678.19493404306,,,117678.19493404306,-2155.479533080492,-1.7987260614893752,80299520980.2335,11383564601.429031,2341223394839.9204,-42602418833.92676,1.8487638627211367,21776348210.614246
1752710400000,2025-07-17 00:00:00,118748.1627367753,,,118748.1627367753,1069.967802732237,0.9092319977646923,50374263848.76278,-29925257131.470726,2363194640209.576,21971245369.65576,1.7889631257543603,20902447352.32926
1752796800000,2025-07-18 00:00:00,119445.36520434043,,,119445.36520434043,697.2024675651337,0.5871269512696342,49282617205.72662,-1091646643.0361557,2376237382764.3013,13042742554.725098,1.129652966549418,20894379444.724796
1752883200000,2025-07-19 00:00:00,117988.94664455787,,,117988.94664455787,-1456.4185597825563,-1.2193177669899469,58896449260.69391,9613832054.967285,2347165317624.536,-29072065139.765137,1.1791188844640648,20476105589.148388
1752969600000,2025-07-20 00:00:00,117901.62655900871,,,117901.62655900871,-87.32008554915956,-0.07400700492072865,23934511126.349533,-34961938134.344376,2345398337785.541,-1766979838.9951172,1.1778487225451002,20568078727.2029
1753056000000,2025-07-21 00:00:00,117256.9208222684,,,117256.9208222684,-644.7057367403177,-0.546816660258409,36702153882.06748,12767642755.717949,2333757287859.664,-11641049925.876953,1.0181764503921522,18989136502.512856
1753142400000,2025-07-22 00:00:00,117482.46977767294,,,117482.46977767294,225.5489554045489,0.19235449287162698,46344384345.39471,9642230463.327225,2337365497467.1313,3608209607.467285,0.9739744840555841,17630413856.90483
1753228800000,2025-07-23 00:00:00,119955.79570607653,,,119955.79570607653,2473.3259284035885,2.1052723296370646,58939000420.94166,12594616075.546951,2387516761560.4927,50151264093.36133,1.0713275087421328,12491505736.934765
1753315200000,2025-07-24 00:00:00,118629.05588130427,,,118629.05588130427,-1326.7398247722595,-1.1060239457067356,45225685167.61703,-13713315253.32463,2359931875300.5244,-27584886259.96826,1.1422099487802522,12366239208.156898
1753401600000,2025-07-25 00:00:00,118354.43517438594,,,118354.43517438594,-274.62070691832923,-0.23149531527343337,51940414419.3327,6714729251.715675,2354764508342.9937,-5167366957.530762,1.1125522540765749,12537134982.023489
1753488000000,2025-07-26 00:00:00,117540.80837085741,,,117540.80837085741,-813.626803528532,-0.6874493569503426,91617702596.10347,39677288176.77077,2338855554998.7812,-15908953344.212402,1.0412977456494488,21232613461.83883
1753574400000,2025-07-27 00:00:00,117959.54234360624,,,117959.54234360624,418.7339727488288,0.3562456125260516,25145925063.881348,-66471777532.22212,2346959472845.027,8103917846.245605,1.0522669403571117,20981820869.060925
1753660800000,2025-07-28 00:00:00,119418.91405141471,,,119418.91405141471,1459.3717078084737,1.2371798659216893,30220402191.467663,5074477127.586315,2376524838793.0137,29565365947.986816,1.1089556315191988,21835648988.965515
1753747200000,2025-07-29 00:00:00,118003.30201607826,,,118003.30201607826,-1415.6120353364531,-1.1854169388334723,43433742203.62158,13213340012.15392,2349472897426.4688,-27051941366.54492,1.2389721145384764,21942516785.59497
1753833600000,2025-07-30 00:00:00,117853.30892863822,,,117853.30892863822,-149.9930874400452,-0.12710922904479727,42860287143.68828,-573455059.9333038,2345126504020.1143,-4346393406.354492,0.8557473362991117,21629486978.661625
1753920000000,2025-07-31 00:00:00,117833.24087995925,,,117833.24087995925,-20.06804867896426,-0.01702798916839443,43054424656.58649,194137512.89820862,2343717963709.7124,-1408540310.4018555,0.7685547768682889,21678138105.158833
1754006400000,2025-08-01 00:00:00,115700.00243915782,,,115700.00243915782,-2133.238440801433,-1.810387650268086,45238249453.35885,2183824796.7723618,2302199162425.1206,-41518801284.5918,1.0096477773894483,21565932888.907246
1754092800000,2025-08-02 00:00:00,113234.6051343189,,,113234.6051343189,-2465.397304838916,-2.130853286831491,65794680822.25255,20556431368.8937,2253609880959.403,-48589281465.71777,1.222385663370956,12929056597.157492
1754179200000,2025-08-03 00:00:00,112554.90232221723,,,112554.90232221723,-679.7028121016774,-0.6002606811719935,33543439044.09785,-32251241778.154697,2240413983638.112,-13195897321.291016,1.1592441791531538,11373575423.38772
1754265600000,2025-08-04 00:00:00,114199.10966460757,,,114199.10966460757,1644.2073423903494,1.4608047348158903,24689273719.085533,-8854165325.012318,2272802075267.0376,32388091628.92578,1.2217027898406208,12574536913.189184
1754352000000,2025-08-05 00:00:00,115138.68613070177,,,115138.68613070177,939.5764660941932,0.822752882096589,32488023582.82734,7798749863.741806,2292395156144.1514,19593080877.11377,1.3026502896502552,13130437296.149252
1754438400000,2025-08-06 00:00:00,114128.35408881678,,,114128.35408881678,-1010.3320418849908,-0.877491376563122,37316213251.97167,4828189669.144333,2271583255077.356,-20811901066.79541,1.3127444539943347,13173380220.242119
1754524800000,2025-08-07 00:00:00,115022.09576830892,,,115022.09576830892,893.7416794921446,0.7831022243575125,32052509631.058872,-5263703620.9128,2289295036528.6577,17711781451.301758,1.3893625128422824,13443998575.960674
1754611200000,2025-08-08 00:00:00,117463.47451085235,,,117463.47451085235,2441.3787425434275,2.122530220159735,38289687095.00489,6237177463.946018,2337732858703.5435,48437822174.88574,1.4856650340660733,13136528238.747908
1754697600000,2025-08-09 00:00:00,116688.36663186055,,,116688.36663186055,-775.1078789917956,-0.6598714044681042,33017415812.97353,-5272271282.031361,2323026541073.3213,-14706317630.222168,1.1665259375543915,4417987455.455326
1754784000000,2025-08-10 00:00:00,116510.08393213755,,,116510.08393213755,-178.2826997230004,-0.15278532459491734,27638785406.21056,-5378630406.76297,2318815857401.68,-4210683671.6411133,1.1112289789843688,4851928957.602749
1754870400000,2025-08-11 00:00:00,119266.92516880555,,,119266.92516880555,2756.8412366679986,2.366182517106208,37157754754.85189,9518969348.64133,2374097296837.8896,55281439436.20947,1.281380574605518,3805241798.540432
1754956800000,2025-08-12 00:00:00,118773.79960860992,,,118773.79960860992,-493.12556019563635,-0.4134637993707724,61739781527.95854,24582026773.10665,2364060561672.9995,-10036735164.890137,1.334353170507682,11046732107.202444
1755043200000,2025-08-13 00:00:00,120202.53485503166,,,120202.53485503166,1428.7352464217402,1.202904387272108,46941089789.57991,-14798691738.378632,2392854421745.6157,28793860072.61621,1.215079539682778,11511514999.527767
1755129600000,2025-08-14 00:00:00,123560.99363577305,,,123560.99363577305,3358.458780741392,2.7939999641370283,61818118105.53991,14877028315.96,2458895200752.567,66040779006.95117,1.4409766388540077,13590969639.903917
1755216000000,2025-08-15 00:00:00,118405.59579823953,,,118405.59579823953,-5155.397837533514,-4.17235058236124,73822008367.99681,12003890262.456902,2360043737045.272,-98851463707.29492,2.336576682787543,17314992317.709614
1755302400000,2025-08-16 00:00:00,117339.79190213277,,,117339.79190213277,-1065.803896106765,-0.9001296677927928,44268714220.021,-29553294147.975807,2335290383260.173,-24753353785.09912,2.3519607665487268,16075302575.896566
1755388800000,2025-08-17 00:00:00,117501.21653394958,,,117501.21653394958,161.42463181681524,0.13757023870593077,23202714236.542347,-21065999983.478657,2339465736068.208,4175352808.0351562,2.3492468067879275,17175774501.963514
1755475200000,2025-08-18 00:00:00,117542.83687778088,,,117542.83687778088,41.62034383129503,0.03542120248538616,20906566026.645443,-2296148209.896904,2340648324181.828,1182588113.6201172,2.1375945969751493,20037235197.28585
1755561600000,2025-08-19 00:00:00,116256.41276740946,,,116256.41276740946,-1286.4241103714157,-1.0944300346511282,47337926940.98573,26431360914.34029,2313556987528.4634,-27091336653.364746,2.1648861039363467,19049881821.15328
1755648000000,2025-08-20 00:00:00,112778.34483555844,,,112778.34483555844,-3478.067931851023,-2.9917213588978364,46156885037.403885,-1181041903.5818481,2245419916215.7417,-68137071312.72168,2.2626276313271045,19042100005.31314
1755734400000,2025-08-21 00:00:00,114252.39755195397,,,114252.39755195397,1474.0527163955267,1.307035245591548,42166369117.006935,-3990515920.39695,2274471285844.184,29051369628.442383,1.9005456084419394,17605535139.84072
1755820800000,2025-08-22 00:00:00,112414.39987336512,,,112414.39987336512,-1837.997678588843,-1.6087169442138394,32048202090.65466,-10118167026.352276,2238121481749.57,-36349804094.61426,1.3866829200694495,11127435744.475733
1755907200000,2025-08-23 00:00:00,116834.24948202295,,,116834.24948202295,4419.849608657823,3.931746834601957,50878158870.82928,18829956780.174618,2326174803320.612,88053321571.04199,2.2327803885080453,12123995477.867905
1755993600000,2025-08-24 00:00:00,115359.98346714744,,,115359.98346714744,-1474.2660148755094,-1.2618440409482456,27306719885.257973,-23571438985.571304,2296786080139.701,-29388723180.910645,2.2764086511086665,11392989552.338509
1756080000000,2025-08-25 00:00:00,113399.54847314971,,,113399.54847314971,-1960.4349939977255,-1.6994064450052804,40682656776.69001,13375936891.432037,2259663171125.389,-37122909014.31201,2.3350602430954,8499185868.016858
1756166400000,2025-08-26 00:00:00,110185.35443900425,,,110185.35443900425,-3214.194034145461,-2.834397559269386,52854872363.936554,12172215587.246544,2194453712375.598,-65209458749.79126,2.4973218812518274,9399507395.235111
1756252800000,2025-08-27 00:00:00,111842.70999260596,,,111842.70999260596,1657.3555536017084,1.504152309569573,43023800053.0546,-9831072310.88195,2227025695775.593,32571983399.994873,2.396836881550807,9226450034.47031
1756339200000,2025-08-28 00:00:00,111216.08479629169,,,111216.08479629169,-626.6251963142713,-0.5602736167209299,36957904262.995804,-6065895790.0588,2215255294289.9937,-11770401485.599121,2.3174527295852836,9352226638.041971
1756425600000,2025-08-29 00:00:00,112525.59740669793,,,112525.59740669793,1309.5126104062365,1.1774489389774878,34222495087.206894,-2735409175.78891,2239422945686.892,24167651396.898438,2.306728387976072,9054712676.515085
1756512000000,2025-08-30 00:00:00,108480.30666639366,,,108480.30666639366,-4045.2907403042627,-3.594996012936935,51702115726.38959,17479620639.182693,2160278651486.2852,-79144294200.60693,1.9083942086474035,9210862210.212692
1756598400000,2025-08-31 00:00:00,108781.95727925687,,,108781.95727925687,301.6506128632027,0.2780694691349561,27799981330.792213,-23902134395.597374,2166165747945.1812,5887096458.895996,1.9662333121412139,9090057424.00965
1756684800000,2025-09-01 00:00:00,108253.36092385623,,,108253.36092385623,-528.5963554006303,-0.48592282086233896,26140904019.246822,-1659077311.545391,2155694976689.5986,-10470771255.58252,1.928758459340001,10702577530.31055
1756771200000,2025-09-02 00:00:00,109162.68557992298,,,109162.68557992298,909.3246560667467,0.8399966969213635,42999610648.39302,16858706629.146198,2174100506466.4321,18405529776.833496,1.722625649039834,9097585052.956844
1756857600000,2025-09-03 00:00:00,111190.18209845416,,,111190.18209845416,2027.496518531174,1.8573164518261631,50235464642.845955,7235853994.452934,2212595221503.454,38494715037.02197,1.7822682375821715,10166379969.460981
1756944000000,2025-09-04 00:00:00,111711.51977725117,,,111711.51977725117,521.3376787970192,0.4688702446187243,36406080683.42747,-13829383959.418488,2225365905592.233,12770684088.778809,1.7775032153098658,10183177950.818277
1757030400000,2025-09-05 00:00:00,110724.736377486,,,110724.736377486,-986.783399765176,-0.8833318190754058,38708366685.43147,2302286002.0040054,2204051936301.3257,-21313969290.907227,1.7350656581825394,10008711214.048693
1757116800000,2025-09-06 00:00:00,110662.18112628513,,,110662.18112628513,-62.55525120087259,-0.05649618436445181,56020470627.40665,17312103941.975174,2204045604630.5625,-6331670.763183594,0.9027659931172747,10996286184.33665
1757203200000,2025-09-07 00:00:00,110209.1888247784,,,110209.1888247784,-452.9923015067325,-0.409346984576231,19340758702.076332,-36679711925.330315,2195288669199.568,-8756935430.994385,0.9406645108596886,12839837399.913054
1757289600000,2025-09-08 00:00:00,111131.9923868407,,,111131.9923868407,922.8035620623123,0.8373199838440648,22147049159.335133,2806290457.2588005,2213764479139.3647,18475809939.79663,0.9147586766300095,13552139271.284714
1757376000000,2025-09-09 00:00:00,112025.12878118771,,,112025.12878118771,893.136394347006,0.8036717196953314,37159847899.8603,15012798740.525166,2231763512226.867,17999033087.50244,0.9118071817332676,13370137931.700596
1757462400000,2025-09-10 00:00:00,111547.43956434788,,,111547.43956434788,-477.68921683983353,-0.4264125576439848,45338021458.38368,8178173558.523384,2222026777598.0474,-9736734628.819824,0.6687960664737773,12681395139.316696
1757548800000,2025-09-11 00:00:00,113975.32489468766,,,113975.32489468766,2427.8853303397773,2.1765495826905124,52205187155.05567,6867165696.671989,2270241314652.7144,48214537054.66699,1.0505210640573257,14009547934.276007
1757635200000,2025-09-12 00:00:00,115503.16663193036,,,115503.16663193036,1527.8417372427066,1.3405021996247157,43752917632.95067,-8452269522.105003,2299764311655.674,29522997002.959473,0.969048335775693,14139028456.54457
1757721600000,2025-09-13 00:00:00,116160.14344594491,,,116160.14344594491,656.9768140145461,0.5687954998741418,51192951485.864395,7440033852.913727,2314347371939.946,14583060284.271973,0.9252662298232474,13286607856.27233
1757808000000,2025-09-14 00:00:00,115970.58488443034,,,115970.58488443034,-189.55856151456828,-0.16318726534870764,30063858747.76022,-21129092738.104176,2310166037871.29,-4181334068.6557617,0.8796891611495876,11119462673.2211
1757894400000,2025-09-15 00:00:00,115373.55555886829,,,115373.55555886829,-597.029325562049,-0.5148109981138904,26889399414.610912,-3174459333.1493073,2297459118244.424,-12706919626.86621,0.9941913246961706,9910279672.425354
1757980800000,2025-09-16 00:00:00,115397.25272727509,,,115397.25272727509,23.697168406797573,0.020539514702488937,46947581231.08198,20058181816.471066,2297977599504.5527,518481260.12890625,1.003688531126587,9977772210.961803
1758067200000,2025-09-17 00:00:00,116762.8496864193,,,116762.8496864193,1365.5969591442117,1.1833877556614025,39964451595.099724,-6983129635.982254,2325326932460.9644,27349332956.41162,0.9584690127233286,9915315737.01236
1758153600000,2025-09-18 00:00:00,116455.94648225319,,,116455.94648225319,-306.9032041661121,-0.2628431945523202,54740952295.37868,14776500700.278954,2321583680138.891,-3743252322.073242,0.7311943794376542,10402804272.724201
1758240000000,2025-09-19 00:00:00,117145.49508952006,,,117145.49508952006,689.5486072668718,0.5921111184923111,43642467075.25838,-11098485220.1203,2333705338232.097,12121658093.206055,0.5980552002674042,10399672441.956856
1758326400000,2025-09-20 00:00:00,115655.81046441344,,,115655.81046441344,-1489.6846251066163,-1.2716533606078717,34296721252.33001,-9345745822.928368,2303469041668.8,-30236296563.297363,0.785758309422718,9834214640.208406
1758412800000,2025-09-21 00:00:00,115715.51536781774,,,115715.51536781774,59.70490340430115,0.05162291731350965,18774953731.290394,-15521767521.039616,2305371926506.302,1902884837.5019531,0.7852281396995101,12265794964.187042
1758499200000,2025-09-22 00:00:00,115304.47999407038,,,115304.47999407038,-411.03537374736334,-0.35521198038208635,18659113982.495464,-115839748.7949295,2297332085237.645,-8039841268.656738,0.7709518740439517,13795516772.97344
1758585600000,2025-09-23 00:00:00,112696.74101711863,,,112696.74101711863,-2607.7389769517467,-2.2616111508294012,69152342029.46799,50493228046.97252,2245929069310.8535,-51403015926.791504,1.148130149250141,18343038935.53732
1758672000000,2025-09-24 00:00:00,112022.16587861195,,,112022.16587861195,-674.5751385066833,-0.5985755510039215,46154878824.043465,-22997463205.424522,2232693472656.6514,-13235596654.202148,0.9336443964047287,18495807505.300972
1758758400000,2025-09-25 00:00:00,113320.56908541008,,,113320.56908541008,1298.4032067981316,1.1590591885226376,46677543220.334526,522664396.2910614,2257741194218.8286,25047721562.177246,1.1462848279700077,17715647374.98311
1758844800000,2025-09-26 00:00:00,108963.53013595635,,,108963.53013595635,-4357.038949453738,-3.8448791641434665,74481796351.47305,27804253131.138527,2171950311711.4429,-85790882507.38574,1.63814102104524,22159288785.453396
1758931200000,2025-09-27 00:00:00,109710.20874667744,,,109710.20874667744,746.6786107210937,0.6852555252105486,55257214020.568245,-19224582330.904808,2185866776171.5464,13916464460.103516,1.7506212581658704,22040987113.469265
1759017600000,2025-09-28 00:00:00,109654.81021075726,,,109654.81021075726,-55.39853592017607,-0.05049533361849434,23294896964.31016,-31962317056.258083,2185203231301.0562,-663544870.4902344,1.7433571896901852,21122606200.082096
1759104000000,2025-09-29 00:00:00,112142.57362752674,,,112142.57362752674,2487.7634167694778,2.268722559446301,31274654338.51212,7979757374.201958,2235798877396.134,50595646095.07764,2.0905085835725288,18625568693.688576
1759190400000,2025-09-30 00:00:00,114309.15041119447,,,114309.15041119447,2166.576783667726,1.9319841819074535,57833295882.65785,26558641544.145733,2278362523594.3135,42563646198.17969,2.0612660993674545,17057397068.485567
1759276800000,2025-10-01 00:00:00,114024.22783550054,,,114024.22783550054,-284.9225756939268,-0.2492561397482218,57718901820.70616,-114394061.95169067,2272137555069.4507,-6224968524.862793,2.0422416601759097,17421569638.00998
1759363200000,2025-10-02 00:00:00,118503.24451752483,,,118503.24451752483,4479.0166820242885,3.9281271770470028,69920179085.4708,12201277264.764633,2359569556068.08,87432000998.6294,2.4668590790767797,18941380283.585697
1759449600000,2025-10-03 00:00:00,120611.71911591051,,,120611.71911591051,2108.4745983856847,1.7792547427457839,71252850672.75252,1332671587.281723,2399524207991.5527,39954651923.47266,1.46475166303246,18356380414.81637
1759536000000,2025-10-04 00:00:00,122250.15186842803,,,122250.15186842803,1638.4327525175177,1.3584357842897132,83155430408.51796,11902579735.765442,2436956902844.7153,37432694853.1626,1.4261940885032771,21795499052.094677
1759622400000,2025-10-05 00:00:00,122380.93708463266,,,122380.93708463266,130.7852162046329,0.10698163904563351,35161626561.80918,-47993803846.70878,2438832157552.7866,1875254708.071289,1.3973843074530068,19089492126.441563
1759708800000,2025-10-06 00:00:00,123506.18520027678,,,123506.18520027678,1125.2481156441208,0.9194635557218778,72011486031.26575,36849859469.456566,2461221856764.1885,22389699211.401855,1.3809878201945902,15426012096.609379
1759795200000,2025-10-07 00:00:00,124773.50823074432,,,124773.50823074432,1267.323030467538,1.0261211034997553,69605991064.72382,-2405494966.541931,2486073086655.2866,24851229891.098145,1.3647858669740638,15300072308.883062
1759881600000,2025-10-08 00:00:00,121518.75593575071,,,121518.75593575071,-3254.75229499361,-2.6085283175452445,76087884719.80028,6481893655.076462,2421938444026.2783,-64134642629.0083,1.9622032499991053,15309011050.830833
1759968000000,2025-10-09 00:00:00,123352.50487523204,,,123352.50487523204,1833.748939481331,1.5090254383865354,62576032795.36722,-13511851924.43306,2459003621170.118,37065177143.83984,1.5062008556099151,15420389527.657795
1760054400000,2025-10-10 00:00:00,121698.03066778315,,,121698.03066778315,-1654.4742074488895,-1.3412570819882008,72097306668.91356,9521273873.54634,2423288659157.484,-35714962012.63428,1.554627368068643,15461344308.17334
1760140800000,2025-10-11 00:00:00,113201.74064138904,,,113201.74064138904,-8496.290026394112,-6.981452353643814,151002213089.8765,78904906420.96294,2265659827789.9917,-157628831367.4922,2.993665432516416,35447667916.86213
1760227200000,2025-10-12 00:00:00,110853.11663883903,,,110853.11663883903,-2348.6240025500156,-2.074724283604612,108643865752.17674,-42358347337.69975,2211404015103.109,-54255812686.88281,2.9662385325106477,31697357837.42046
1760313600000,2025-10-13 00:00:00,115189.5714637257,,,115189.5714637257,4336.454824886678,3.911892562312791,93857100744.12454,-14786765008.0522,2294724465036.9785,83320449933.86963,3.515107762641876,30993665810.47318
1760400000000,2025-10-14 00:00:00,115222.28302116522,,,115222.28302116522,32.711557439513854,0.0283980199108802,68935270367.04033,-24921830377.084213,2296863527017.9863,2139061981.0078125,3.4417015898376624,31070158756.162163
1760456373000,2025-10-14 15:39:33,111823.21163212718,,,111823.21163212718,-3399.071389038043,-2.9500121850681182,77766230104.8685,8830959737.82817,2225486135992.898,-71377391025.08838,3.4692956596848608,30947024703.383797
